<?xml version="1.0" encoding="utf-8" standalone="yes"?>
<rss version="2.0" xmlns:atom="http://www.w3.org/2005/Atom">
  <channel>
    <title>Tags on Our Project Web Site</title>
    <link>https://isss608stock.netlify.app/tags/</link>
    <description>Recent content in Tags on Our Project Web Site</description>
    <generator>Hugo -- gohugo.io</generator>
    <language>en-us</language><atom:link href="https://isss608stock.netlify.app/tags/index.xml" rel="self" type="application/rss+xml" />
  </channel>
</rss>
