<?xml version="1.0" encoding="utf-8" standalone="yes"?>
<rss version="2.0" xmlns:atom="http://www.w3.org/2005/Atom">
  <channel>
    <title>Builds on Our Project Web Site</title>
    <link>https://isss608stock.netlify.app/builds/</link>
    <description>Recent content in Builds on Our Project Web Site</description>
    <generator>Hugo -- gohugo.io</generator>
    <language>en-us</language>
    <lastBuildDate>Sun, 11 Apr 2021 00:00:00 +0000</lastBuildDate><atom:link href="https://isss608stock.netlify.app/builds/index.xml" rel="self" type="application/rss+xml" />
    <item>
      <title>Forecast</title>
      <link>https://isss608stock.netlify.app/builds/2021-04-11-forecast/</link>
      <pubDate>Sun, 11 Apr 2021 00:00:00 +0000</pubDate>
      
      <guid>https://isss608stock.netlify.app/builds/2021-04-11-forecast/</guid>
      <description>A Forecasting WorkflowA Visual Analytics ApplicationBenefits of modeltimeTime series forecasting with ModeltimeLoading the packagesLoading and preprocessing the dataModels creation and trainingARIMAProphetElasticNetRandom ForestXGBoostSVM RBFBoosted ARIMABoosted ProphetEvaluationDashboard designReferenceThis report details the exploration of using modeltime for stock forecasting, which will be implemented as a sub-module for our Shiny Visual Analytics application</description>
    </item>
    
    <item>
      <title>Explore</title>
      <link>https://isss608stock.netlify.app/builds/2021-04-10-explore/</link>
      <pubDate>Sat, 10 Apr 2021 00:00:00 +0000</pubDate>
      
      <guid>https://isss608stock.netlify.app/builds/2021-04-10-explore/</guid>
      <description>1. Overview2. Literature Review3. Exploring and Visualizing the stock dataCheck the required R packages and load themLoad the dataScatterplot of 8 stocks’ pricesScatterplot of 8 stocks’ transaction volumesScatterplot of the stock price - Weekly TrendScatterplot of the stock price - Monthly TrendScatterplot of the stock priceScatterplot of the stock volume4. Stationize the dataVisualize the JP Morgan priceAssesse its ACF and PACFUse the Differencing technique5.</description>
    </item>
    
    <item>
      <title>Technical Analysis</title>
      <link>https://isss608stock.netlify.app/builds/2021-04-10-technical-analysis/</link>
      <pubDate>Sat, 10 Apr 2021 00:00:00 +0000</pubDate>
      
      <guid>https://isss608stock.netlify.app/builds/2021-04-10-technical-analysis/</guid>
      <description>1.Background2. Objective/Layout of this assignment3. Literature Review - Why TidyQuant (Tidy Quantitative Financial Analysis)3.1 TidyQuant - Charting3.2 TidyQuant - Portfolio Analysis4. Loading and Preping Data : Single Stock and Multiple Stock analysis5.Testing and Prototyping - Single Stock Analysis ( Using APPLE stock)5.1 Candlestick Chart5.2 Stock Price/TradingVolume/Returns6. Charting for Multiple Securities6.1 Multiple securities -Closing prices6.2 Multiple securities -Moving averages for multiple stocks at once6.</description>
    </item>
    
  </channel>
</rss>
